{"noiseKey":{"private":{"type":"Buffer","data":"aPKXTmIWMfm9ztEQOkhMTVMqpAFrD002QDnM87sSTWs="},"public":{"type":"Buffer","data":"vn+NBgtQ/Mw9EpaVCHAk2kVUPNBOk+sFX0pfvQvw9EI="}},"pairingEphemeralKeyPair":{"private":{"type":"Buffer","data":"YD5snTINVq1YDZMOZdaL/BdIkmgIpwzMTSB1jlzVIX4="},"public":{"type":"Buffer","data":"LLyqMP1zOKjcTh78+mWpXtOYZMEH7+oF+6/q01MnRy0="}},"signedIdentityKey":{"private":{"type":"Buffer","data":"AEHeHg5VLOVhxEtjXprhnaiCp+xst9AEVhxFFOfT+no="},"public":{"type":"Buffer","data":"5S60embE6PAoqh3kOmgWXqrMqakKVh49dGmEDmK//04="}},"signedPreKey":{"keyPair":{"private":{"type":"Buffer","data":"4PXdFnUBTH02Kr6SEVcG8T8wuxuHgxMbSw1Oiwv88lI="},"public":{"type":"Buffer","data":"KkfaH+DCfc24HkN/KXuytt/oTfbS5R8VpPYB0mz3WQg="}},"signature":{"type":"Buffer","data":"jbuSYAVeddL1ivth9BYINKKKNadouez+hERf6BiwrhFbs7sDFjCchCDi8WxHBuwbvXvp3vwtxmm0RRVi+G2XjQ=="},"keyId":1},"registrationId":225,"advSecretKey":"mnhsh2Sq12PROrk6O+vqOkCZGJQ39uCqjK2Nq5N5lVc=","processedHistoryMessages":[{"key":{"remoteJid":"923484418807@s.whatsapp.net","fromMe":true,"id":"B08694851BDECF1121A6709A66596922"},"messageTimestamp":1731617341},{"key":{"remoteJid":"923484418807@s.whatsapp.net","fromMe":true,"id":"01A4FA0C15D300AC144B2CD02F121315"},"messageTimestamp":1731617352},{"key":{"remoteJid":"923484418807@s.whatsapp.net","fromMe":true,"id":"9436507FF8DE14189C1F09AE6B1A4AE0"},"messageTimestamp":1731617356},{"key":{"remoteJid":"923484418807@s.whatsapp.net","fromMe":true,"id":"A82BFFB6667ADCDE000F281BF42C3D73"},"messageTimestamp":1731617359},{"key":{"remoteJid":"923484418807@s.whatsapp.net","fromMe":true,"id":"775386321AA5A8057F1A83299E035A79"},"messageTimestamp":1731617363},{"key":{"remoteJid":"923484418807@s.whatsapp.net","fromMe":true,"id":"A75120EFD4C29FEEFC31C6AEEDBFE294"},"messageTimestamp":1731617367},{"key":{"remoteJid":"923484418807@s.whatsapp.net","fromMe":true,"id":"122DC597457D7CCBD9313B8A9D6E9697"},"messageTimestamp":1731617370},{"key":{"remoteJid":"923484418807@s.whatsapp.net","fromMe":true,"id":"B13611DEC23294FCBBE1184797BE3F31"},"messageTimestamp":1731617374},{"key":{"remoteJid":"923484418807@s.whatsapp.net","fromMe":true,"id":"88424E8CD9990A3B3EF22DBC1A3C4615"},"messageTimestamp":1731617374},{"key":{"remoteJid":"923484418807@s.whatsapp.net","fromMe":true,"id":"150B401CE9A81351C9971C557CA4E591"},"messageTimestamp":1731617375}],"nextPreKeyId":31,"firstUnuploadedPreKeyId":31,"accountSyncCounter":1,"accountSettings":{"unarchiveChats":false},"deviceId":"nb6o2Si6Q_2djA4zFxwspg","phoneId":"41a97f49-9bbc-4bd3-b105-72f0b459d627","identityId":{"type":"Buffer","data":"1FS6yVgUu93o6vxkYJfaOM9p9jc="},"registered":false,"backupToken":{"type":"Buffer","data":"RJgq+Q9h/dFyqyZNrqn88H2qb/s="},"registration":{},"account":{"details":"CP7Oh9EGEKLE2bkGGAEgACgA","accountSignatureKey":"nvO87KlXILUp9H6gXK1CURgjOxzfAL/K6u1evaz8CQ8=","accountSignature":"P7m7/HrijhH+nNaNg4nEZCgLgwHcS8lZt7E41uLyJ4UZ3NgJfo7fNjIIzn+DrdPTrDomev0yoal0sRBrumgXCQ==","deviceSignature":"KuKEkRZFAt74FkOzuST7uYQl/qYxoo0ciSmHafAmuCdRNVmkAhm7ej/ZO4djOXddyABNfJeAUA8WAAIKrABngQ=="},"me":{"id":"923484418807:1@s.whatsapp.net","lid":"198638580060188:1@lid","name":"Muhammad Zahid Ilahi"},"signalIdentities":[{"identifier":{"name":"923484418807:1@s.whatsapp.net","deviceId":0},"identifierKey":{"type":"Buffer","data":"BZ7zvOypVyC1KfR+oFytQlEYIzsc3wC/yurtXr2s/AkP"}}],"platform":"android","routingInfo":{"type":"Buffer","data":"CAIIEg=="},"lastAccountSyncTimestamp":1731617318,"lastPropHash":"1rvyP3","myAppStateKeyId":"AAAAAGty"}