{"_sessions":{"BRMPrHIWWZIjISzGnu+0z6GZtPvmGJ0QGpNJ0pVEZ+V0":{"registrationId":1708490075,"currentRatchet":{"ephemeralKeyPair":{"pubKey":"BaUPS2l5r2glsOhvJqKqwq9Y9jUsvcX2jxSOsEGWiQI2","privKey":"UFXkMXYObMaisTKM8rwMDMdU7vx882fTjeYNRk04fUU="},"lastRemoteEphemeralKey":"BeYw1Q6Zq4yUJekhcgvD/aFNtW9/tRQnajRhpGOvpEk9","previousCounter":1,"rootKey":"QBU2BWeA0//LHTgqUDDx9RBXShxiwKYGlCxGTwzEC+4="},"indexInfo":{"baseKey":"BRMPrHIWWZIjISzGnu+0z6GZtPvmGJ0QGpNJ0pVEZ+V0","baseKeyType":2,"closed":-1,"used":1731617375416,"created":1731617320233,"remoteIdentityKey":"BZ7zvOypVyC1KfR+oFytQlEYIzsc3wC/yurtXr2s/AkP"},"_chains":{"BY8j0zWIl0ESUtOsMlZ8okr9dRv5fSv69OtE88YFegNP":{"chainKey":{"counter":0},"chainType":2,"messageKeys":{}},"BeYw1Q6Zq4yUJekhcgvD/aFNtW9/tRQnajRhpGOvpEk9":{"chainKey":{"counter":12,"key":"oS/bVsZlV7p79DFqdyvE3wDTZILVFxJ4U+nCFAILtMg="},"chainType":2,"messageKeys":{}},"BaUPS2l5r2glsOhvJqKqwq9Y9jUsvcX2jxSOsEGWiQI2":{"chainKey":{"counter":-1,"key":"0BpqtOY1p+aQAn0fCnQSIs+a7/lRwEADCP3Z9jEe1qc="},"chainType":1,"messageKeys":{}}}}},"version":"v1"}